<?xml version="1.0" encoding="UTF-8"?>
<!DOCTYPE mapper PUBLIC "-//mybatis.org//DTD Mapper 3.0//EN" "http://mybatis.org/dtd/mybatis-3-mapper.dtd">
<mapper namespace="com.mbyte.easy.mapper.SysOrganizationMapper">
    <resultMap id="BaseResultMap" type="com.mbyte.easy.entity.SysOrganization">
        <id column="id" jdbcType="BIGINT" property="id"/>
        <result column="available" jdbcType="BIT" property="available"/>
        <result column="name" jdbcType="VARCHAR" property="name"/>
        <result column="parent_id" jdbcType="BIGINT" property="parentId"/>
    </resultMap>
    <sql id="Base_Column_List">
    id, available, name, parent_id
  </sql>
    <select id="selectByPrimaryKey" parameterType="java.lang.Long" resultMap="BaseResultMap">
        select
        <include refid="Base_Column_List"/>
        from sys_organization
        where id = #{id,jdbcType=BIGINT}
    </select>
    <delete id="deleteByPrimaryKey" parameterType="java.lang.Long">
    delete from sys_organization
    where id = #{id,jdbcType=BIGINT}
  </delete>
    <insert id="insert" parameterType="com.mbyte.easy.entity.SysOrganization">
    insert into sys_organization (id, available, name, 
      parent_id)
    values (#{id,jdbcType=BIGINT}, #{available,jdbcType=BIT}, #{name,jdbcType=VARCHAR}, 
      #{parentId,jdbcType=BIGINT})
  </insert>
    <insert id="insertSelective" parameterType="com.mbyte.easy.entity.SysOrganization">
        insert into sys_organization
        <trim prefix="(" suffix=")" suffixOverrides=",">
            <if test="id != null">
                id,
            </if>
            <if test="available != null">
                available,
            </if>
            <if test="name != null">
                name,
            </if>
            <if test="parentId != null">
                parent_id,
            </if>
        </trim>
        <trim prefix="values (" suffix=")" suffixOverrides=",">
            <if test="id != null">
                #{id,jdbcType=BIGINT},
            </if>
            <if test="available != null">
                #{available,jdbcType=BIT},
            </if>
            <if test="name != null">
                #{name,jdbcType=VARCHAR},
            </if>
            <if test="parentId != null">
                #{parentId,jdbcType=BIGINT},
            </if>
        </trim>
    </insert>
    <update id="updateByPrimaryKeySelective" parameterType="com.mbyte.easy.entity.SysOrganization">
        update sys_organization
        <set>
            <if test="available != null">
                available = #{available,jdbcType=BIT},
            </if>
            <if test="name != null">
                name = #{name,jdbcType=VARCHAR},
            </if>
            <if test="parentId != null">
                parent_id = #{parentId,jdbcType=BIGINT},
            </if>
        </set>
        where id = #{id,jdbcType=BIGINT}
    </update>
    <update id="updateByPrimaryKey" parameterType="com.mbyte.easy.entity.SysOrganization">
    update sys_organization
    set available = #{available,jdbcType=BIT},
      name = #{name,jdbcType=VARCHAR},
      parent_id = #{parentId,jdbcType=BIGINT}
    where id = #{id,jdbcType=BIGINT}
  </update>
</mapper>