<?xml version="1.0" encoding="UTF-8"?>
<!DOCTYPE mapper PUBLIC "-//mybatis.org//DTD Mapper 3.0//EN" "http://mybatis.org/dtd/mybatis-3-mapper.dtd">
<mapper namespace="com.mbyte.easy.mapper.SysRoleResourcesMapper">
  <resultMap id="BaseResultMap" type="com.mbyte.easy.entity.SysRoleResources">
    <result column="sys_role_id" jdbcType="BIGINT" property="sysRoleId" />
    <result column="resources_id" jdbcType="BIGINT" property="resourcesId" />
  </resultMap>
  <insert id="insert" parameterType="com.mbyte.easy.entity.SysRoleResources">
    insert into sys_role_resources (sys_role_id, resources_id)
    values (#{sysRoleId,jdbcType=BIGINT}, #{resourcesId,jdbcType=BIGINT})
  </insert>
  <insert id="insertSelective" parameterType="com.mbyte.easy.entity.SysRoleResources">
    insert into sys_role_resources
    <trim prefix="(" suffix=")" suffixOverrides=",">
      <if test="sysRoleId != null">
        sys_role_id,
      </if>
      <if test="resourcesId != null">
        resources_id,
      </if>
    </trim>
    <trim prefix="values (" suffix=")" suffixOverrides=",">
      <if test="sysRoleId != null">
        #{sysRoleId,jdbcType=BIGINT},
      </if>
      <if test="resourcesId != null">
        #{resourcesId,jdbcType=BIGINT},
      </if>
    </trim>
  </insert>
  
   <select id="selectByRoleId" parameterType="Long" resultMap="BaseResultMap">
    select 
     sys_role_id, resources_id 
    from sys_role_resources
    where sys_role_id = #{sysRoleId,jdbcType=BIGINT}
  </select>
  
   <delete id="deleteByRoleId" parameterType="java.lang.Long">
    delete from sys_role_resources
    where sys_role_id = #{roleId,jdbcType=BIGINT}
  </delete>
</mapper>