<?xml version="1.0" encoding="UTF-8"?>
<!DOCTYPE mapper PUBLIC "-//mybatis.org//DTD Mapper 3.0//EN" "http://mybatis.org/dtd/mybatis-3-mapper.dtd">
<mapper namespace="com.mbyte.easy.mapper.SysUserMapper">
  <resultMap id="BaseResultMap" type="com.mbyte.easy.entity.SysUser">
    <id column="id" jdbcType="BIGINT" property="id" />
    <result column="createtime" jdbcType="TIMESTAMP" property="createtime" />
    <result column="password" jdbcType="VARCHAR" property="password" />
    <result column="updatetime" jdbcType="TIMESTAMP" property="updatetime" />
    <result column="username" jdbcType="VARCHAR" property="username" />
    <result column="available" jdbcType="BIT" property="available" />
    <result column="email" jdbcType="VARCHAR" property="email" />
    <result column="tel" jdbcType="VARCHAR" property="tel" />
    <result column="sex_type" jdbcType="INTEGER" property="sexType" />
    <collection property="roles"  column="id"   select="selectRolesByUserID">
        <id column="id" jdbcType="BIGINT" property="id" />
        <result column="available" jdbcType="BIT" property="available" />
        <result column="description" jdbcType="VARCHAR" property="description" />
        <result column="name" jdbcType="VARCHAR" property="name" />
        <collection property="resources"  column="id"   select="selectResourceByRoleId" >
            <id column="id" jdbcType="BIGINT" property="id" />
            <result column="available" jdbcType="BIT" property="available" />
            <result column="name" jdbcType="VARCHAR" property="name" />
            <result column="order_num" jdbcType="INTEGER" property="orderNum" />
            <result column="permission" jdbcType="VARCHAR" property="permission" />
            <result column="type" jdbcType="INTEGER" property="type" />
            <result column="url" jdbcType="VARCHAR" property="url" />
            <result column="parent_id" jdbcType="BIGINT" property="parentId" />
        </collection>
    </collection>
  </resultMap>
  <sql id="Base_Column_List">
    id, createtime, password, updatetime, username, available, email, tel, sex_type
  </sql>
  <select id="selectResourceByRoleId" parameterType="java.lang.Long"  resultType="com.mbyte.easy.entity.SysResource">
    SELECT
	sys_resource.id as id,
	sys_resource.available as available,
	sys_resource.`name` as name ,
	sys_resource.permission as permission,
	sys_resource.order_num as order_num,
	sys_resource.type as type,
	sys_resource.url as url,
	sys_resource.parent_id as parent_id
	FROM
	sys_role_resources
	INNER JOIN sys_resource ON sys_role_resources.resources_id = sys_resource.id
	where sys_role_id = #{id,jdbcType=BIGINT}
  </select>
  <select id="selectRolesByUserID" parameterType="java.lang.Long" resultType="com.mbyte.easy.entity.SysRole">
    SELECT
	sys_role.id,
	sys_role.available,
	sys_role.description,
	sys_role.`name`
	FROM
	sys_user_roles
	INNER JOIN sys_role ON sys_user_roles.roles_id = sys_role.id
	where sys_user_roles.sys_user_id = #{id,jdbcType=BIGINT}
  </select>
  <select id="selectByPrimaryKey" parameterType="java.lang.Long" resultMap="BaseResultMap">
    select 
    <include refid="Base_Column_List" />
    from sys_user
    where id = #{id,jdbcType=BIGINT}
  </select>
  
  <!-- 根据条件查询用户信息 -->
  <select id="selectByUser" parameterType="com.mbyte.easy.entity.SysUser" resultMap="BaseResultMap">
    select 
    <include refid="Base_Column_List" />
    from sys_user
    where 1=1 
    <if test=" username != null and username !=''">
			and username = #{username}
	</if>
  </select>
  
  <!-- 根据用户名查询用户 -->
  <select id="selectByUsername" parameterType="java.lang.String" resultMap="BaseResultMap">
    select 
    <include refid="Base_Column_List" />
    from sys_user
    where  username = #{username} 
  </select>

    <select id="selectByUserForPage" resultMap="BaseResultMap">
      select
      <include refid="Base_Column_List" />
      from sys_user
      where 1=1
      <if test=" username != null and username !=''">
        and username = #{username}
      </if>
    </select>

    <delete id="deleteByPrimaryKey" parameterType="java.lang.Long">
    delete from sys_user
    where id = #{id,jdbcType=BIGINT}
  </delete>
  <insert id="insert" parameterType="com.mbyte.easy.entity.SysUser">
    insert into sys_user (id, createtime, password, 
      updatetime, username, available, 
      email, tel, sex_type
      )
    values (#{id,jdbcType=BIGINT}, #{createtime,jdbcType=TIMESTAMP}, #{password,jdbcType=VARCHAR}, 
      #{updatetime,jdbcType=TIMESTAMP}, #{username,jdbcType=VARCHAR}, #{available,jdbcType=BIT}, 
      #{email,jdbcType=VARCHAR}, #{tel,jdbcType=VARCHAR}, #{sexType,jdbcType=INTEGER}
      )
  </insert>
  <insert id="insertSelective" parameterType="com.mbyte.easy.entity.SysUser">
    insert into sys_user
    <trim prefix="(" suffix=")" suffixOverrides=",">
      <if test="id != null">
        id,
      </if>
      <if test="createtime != null">
        createtime,
      </if>
      <if test="password != null">
        password,
      </if>
      <if test="updatetime != null">
        updatetime,
      </if>
      <if test="username != null">
        username,
      </if>
      <if test="available != null">
        available,
      </if>
      <if test="email != null">
        email,
      </if>
      <if test="tel != null">
        tel,
      </if>
      <if test="sexType != null">
        sex_type,
      </if>
    </trim>
    <trim prefix="values (" suffix=")" suffixOverrides=",">
      <if test="id != null">
        #{id,jdbcType=BIGINT},
      </if>
      <if test="createtime != null">
        #{createtime,jdbcType=TIMESTAMP},
      </if>
      <if test="password != null">
        #{password,jdbcType=VARCHAR},
      </if>
      <if test="updatetime != null">
        #{updatetime,jdbcType=TIMESTAMP},
      </if>
      <if test="username != null">
        #{username,jdbcType=VARCHAR},
      </if>
      <if test="available != null">
        #{available,jdbcType=BIT},
      </if>
      <if test="email != null">
        #{email,jdbcType=VARCHAR},
      </if>
      <if test="tel != null">
        #{tel,jdbcType=VARCHAR},
      </if>
      <if test="sexType != null">
        #{sexType,jdbcType=INTEGER},
      </if>
    </trim>
  </insert>
  <update id="updateByPrimaryKeySelective" parameterType="com.mbyte.easy.entity.SysUser">
    update sys_user
    <set>
      <if test="createtime != null">
        createtime = #{createtime,jdbcType=TIMESTAMP},
      </if>
      <if test="password != null">
        password = #{password,jdbcType=VARCHAR},
      </if>
      <if test="updatetime != null">
        updatetime = #{updatetime,jdbcType=TIMESTAMP},
      </if>
      <if test="username != null">
        username = #{username,jdbcType=VARCHAR},
      </if>
      <if test="available != null">
        available = #{available,jdbcType=BIT},
      </if>
      <if test="email != null">
        email = #{email,jdbcType=VARCHAR},
      </if>
      <if test="tel != null">
        tel = #{tel,jdbcType=VARCHAR},
      </if>
      <if test="sexType != null">
        sex_type = #{sexType,jdbcType=INTEGER},
      </if>
    </set>
    where id = #{id,jdbcType=BIGINT}
  </update>
  <update id="updateByPrimaryKey" parameterType="com.mbyte.easy.entity.SysUser">
    update sys_user
    set createtime = #{createtime,jdbcType=TIMESTAMP},
      password = #{password,jdbcType=VARCHAR},
      updatetime = #{updatetime,jdbcType=TIMESTAMP},
      username = #{username,jdbcType=VARCHAR},
      available = #{available,jdbcType=BIT},
      email = #{email,jdbcType=VARCHAR},
      tel = #{tel,jdbcType=VARCHAR},
      sex_type = #{sexType,jdbcType=INTEGER}
    where id = #{id,jdbcType=BIGINT}
  </update>
</mapper>